topic,count,keywords,title,tldr,analytic_summary,bullet_points,example_articles
0,724,"and, the, of, in, students, to, academic, study, that, school","How social context, affective resources and assessment shape students’ academic engagement and trajectories","This cluster examines how students’ motivation, emotions, identity and academic outcomes are shaped by personal resources (e.g., mental toughness, self‑concept), social relationships (teachers, parents, peers), and assessment/learning contexts across schooling (preschool to higher education). Studies use longitudinal, multilevel, diary and experimental designs to map mediators (self‑efficacy, empathy, cooperation, task persistence, enjoyment) that translate social and intrapersonal factors into outcomes such as interest, engagement, achievement, willingness to communicate, and dropout intentions.","The papers cohere around an intellectual program: academic outcomes are not purely cognitive but emerge from dynamic interactions among students’ affective resources, motivational beliefs, and social environments. Several recurring mechanisms appear. First, intrapersonal resources (mental toughness, growth mindset, self‑concept, task persistence) buffer stressors and support persistence and subject interest; these resources both predict and are shaped by achievement. Second, proximal relationships — teacher passion and emotional engagement, parental mindsets and feedback styles, peer interactions and perceived teacher support — operate through psychological mediators (self‑efficacy, enjoyment, empathy, cooperation) to influence motivation, classroom behavior, and performance. Third, assessment and institutional signals (pre‑enrollment positioning tests, teacher ratings, changing classroom practices during COVID) alter student trajectories by informing self‑expectations or changing the affordances of learning environments.

Methodologically the cluster is diverse and robust: longitudinal panel datasets and growth‑curve modelling (university subject interest, self‑concept vs. achievement), multilevel and doubly latent analyses (teacher effects on student interest), diary and daily‑process studies (parental feedback and adolescent mindsets), experimental/ intervention work (parental observation intervention), mediation and chain‑mediation models (creativity and foreign‑language communication), large cross‑country syntheses (school belonging), and machine‑learning approaches to large assessments (PIRLS). Across contexts (preschool, elementary, secondary, university) and cultures (e.g., Turkey, Sweden, Israel, Hong Kong, Germany), common patterns emerge but with meaningful moderators: age (motivation tends to decline with grade level), subject (math interest/emotions decline, especially in adolescence), and contextual shocks (COVID changed routines, magnified online‑learning problems particularly for girls and lower SES).

Implications converge on actionable levers: strengthen students’ intrapersonal resources, train teachers to convey passion and emotional engagement, equip parents with growth‑oriented feedback and simple observational routines, use early diagnostic assessments to target support for at‑risk STEM entrants, and design classroom climates that reduce bullying and enhance perceived teacher support. Research gaps include causal tests of many mediator chains, cross‑cultural generalizability of some interventions, and longer‑term studies linking short‑term affective shifts to completion and career outcomes.","Central intellectual claim: academic achievement and persistence are emergent outcomes of person × social × institutional interactions mediated by motivation, emotion, and identity processes. | Key intrapersonal resources identified: mental toughness, growth mindset, self‑concept, task persistence, and academic self‑efficacy — each buffers risks (e.g., math anxiety, dropout intentions) and sustains engagement. | Social agents matter: perceived teacher passion and emotional engagement, parental growth mindsets and feedback, and peer/teacher support reduce disengagement and increase interest and well‑being. | Mechanisms uncovered: mediation pathways frequently involve self‑efficacy, enjoyment, empathy, cooperation, and expectancy‑value components, often in sequential chains. | Developmental trends: interest and motivation commonly decline across schooling (notably in mathematics and during later grades); age moderates some mediation effects (e.g., task persistence matters more earlier). | Contextual shocks and formats (COVID, online learning) exacerbate academic worries and social isolation, with differential effects by gender and SES. | Assessment and early diagnostics (positioning tests, teacher ratings) provide incremental predictive power for first‑year STEM success and can guide targeted support for heterogeneous entrants. | Interventions with small procedural changes (e.g., 5‑minute parental observation before homework) show promise for improving parental practices and child outcomes, but more large‑scale causal trials are needed. | Methodological strengths: convergence across longitudinal panels, multilevel models, diary methods, mediation analyses, and machine learning increases confidence in the recurring patterns. | Remaining gaps: stronger causal evidence for some mediator chains, longer follow‑up linking affective shifts to completion and labor outcomes, and rigorous cross‑cultural replication of interventions and mechanisms.","The role of mental toughness and academic satisfaction in suppressing first-year students’ intentions to dropout of university
---
The development of interests in the Swedish comprehensive school Evolution de l’intérêt pour les mathématiques et la langue écrite maternelle dans l’école compréhensive en Suede
---
A longitudinal analysis of the interaction of self-concept of aptitude and math achievement in elementary school children
---
Understanding creativity in context: A socio-emotional mediation model based on the 4Ps framework in Turkish schools
---
The impact of a brief observation intervention on parental homework involvement"
1,343,"the, of, in, and, to, that, is, on, this, as","Sociocultural mediation of early learning and classroom interaction: materiality, adult/peer scaffolding, and dialogic practices","This cluster brings together empirical and theoretical work showing how learning—especially in early childhood and classroom settings—is produced through sociocultural processes: adults, peers, objects and narratives jointly mediate symbol use, gesture, number sense, argumentation and conceptual development. Methods range from microgenetic and conversation-analytic studies to large-scale surveys, all converging on the importance of multimodal, context-sensitive mediation and responsive pedagogy.","The papers cohere around a core intellectual theme: development and instruction are fundamentally relational and cultural processes enacted in interaction. Drawing on Vygotskian and dialogical perspectives, the studies examine how material artifacts (toys, tools, game boards), multimodal resources (gesture, gaze, narrative), and social partners (teachers, mothers, peers) constitute the mediating ecology that makes symbolic, linguistic and cognitive advances possible. Empirically, longitudinal microgenetic recordings and fine-grained conversation or multimodal analyses document how adults orchestrate children’s attention and action (e.g., during breakfast, play, object use, or classroom routines), how pretend narratives scaffold early number uses, and how early gestures and the first symbolic uses emerge under adult mediation. Complementary work addresses larger-scale and group-level dynamics: responsive teaching practices that bridge small-group work to productive whole-class conversations, measurement of teacher attitudes toward multilingualism across countries, and profile analyses showing differential engagement patterns for multilingual children. The cluster also includes studies of special populations and settings—children with Down syndrome, unbalanced multilingual migrant learners, and historical/cultural analyses of yeshiva learning—illustrating the cross-cutting principle that mediation must be sensitive to learners’ capacities, cultural forms, and institutional constraints. Methodologically diverse, these papers emphasize (1) the micro-processes through which scaffolding and materiality operate, (2) the role of narrative and imagination in concept development, and (3) pedagogical implications: teachers need to purposefully configure multimodal, material and dialogic resources to create accessible, culturally attuned learning opportunities.","Shared theoretical lens: most papers use sociocultural, Vygotsky-inspired or dialogical frameworks to foreground interaction as the locus of development. | Adults-as-mediators: caregivers and teachers actively orchestrate attention, gesture, and object use—shaping the timing and form of children’s symbolic and communicative breakthroughs. | Materiality matters: objects, tools and game boards are not neutral; they configure interactions and serve as cognitive/communicative mediators (e.g., spoon play, dice games, breakfast tools). | Narrative and pretend play scaffold abstract learning: pretend-play narratives during games support children’s earliest uses of number and other symbolic operations by embedding them in meaningful, multimodal contexts. | Gesture and multimodality: early gestures (showing, giving, pointing) and multimodal teacher practices are central precursors and constituents of triadic interactions and symbolic development. | Peer and group dynamics: collaborative argumentation and dyadic learning formats (chavruta, group work) foster conceptual change, imagination and independent voice, but require teacher responsiveness to scale insights to whole-class learning. | Diversity and inclusion: multilingualism and special needs (Down syndrome, unbalanced bilinguals) alter engagement patterns and trajectories—effective mediation must be individualized and culturally sensitive. | Methodological variety: microgenetic video analysis, conversation analysis, lag-sequential/polar coordinate techniques, longitudinal observation, profile analysis, quasi-experiments and SEM are used to capture interactional and structural levels of learning. | Measurement and policy implications: large-scale survey work suggests teachers’ attitudes toward multilingualism can be reliably measured across countries, but practical constraints (class size) shape implementation. | Pedagogical takeaways: design instruction that foregrounds students’ lifeworlds, use multimodal and material supports, scaffold through narrative and pretend play, and train teachers in responsive dialogue to bridge small-group learning to whole-class advancement.","First symbolic uses of objects in children with Down syndrome between the ages of 12 and 21 months: A longitudinal study in context of triadic interactions: child–adult-object
---
Be patient, little horse! The role of pretend play-like narratives in the first uses of number in children from 24 to 36 months old, in interaction with their mothers
---
Bridging group work and whole-class activities through responsive teaching in science education
---
Ruptures et continuités pédagogiques au terme du cours préparatoire
---
Emotion and its relation to cognition from Vygotsky’s perspective"
2,279,"the, and, reading, of, in, to, children, on, were, comprehension","Reading, writing and metacognition in children: cognitive, motivational and instructional mechanisms","This cluster examines how cognitive precursors (phonological, orthographic, vocabulary, cognitive flexibility), metacognitive knowledge and monitoring, and motivational factors (reading self-concept, intrinsic interest) jointly shape reading and writing development in children. Papers use longitudinal, experimental, observational and multilevel methods to show (a) both domain‑specific and domain‑general predictors matter, (b) metacognitive instruction and teachers' metacognitive knowledge influence students' self-regulation (especially for struggling learners), and (c) assessment and instruction should be tailored to profiles and task/genre demands.","The articles converge on an intellectual agenda linking cognitive foundations, metacognitive processes, and motivation to literacy outcomes across childhood. Several studies identify basic cognitive building blocks — phonological awareness, orthographic knowledge, vocabulary, and cognitive flexibility — as reliable predictors of reading and spelling acquisition, with orthographic knowledge adding unique predictive power beyond intelligence and phonological skills. Complementing these cognitive precursors, multiple papers focus on metacognition: children’s metacognitive knowledge and online monitoring (evaluation, calibration) are uneven in primary grades but develop with age, and improving metacognitive skills through programmes (e.g., Cogni’Scol) or teacher knowledge can bolster reading-related self-regulation — especially for lower-performing students. Motivation and self-concept act as partial mediators: reading self-concept influences comprehension development largely via intrinsic motivation rather than mere reading quantity or book choice. The cluster also highlights task and genre specificity — narrative versus expository texts and different writing tasks elicit different strategy profiles and revision/pausing behavior — arguing that assessment and instruction must attend to these differences. Methodologically, the collection blends cluster analysis, path models, multilevel models, dynamic testing, and real-time observational methods, emphasizing the value of profile-based and interactive assessment for tailoring instruction, and the need for longitudinal designs to capture development and causal pathways.","Cognitive foundations: phonological awareness and vocabulary are core predictors of reading; orthographic knowledge (word‑specific and general pattern knowledge) contributes uniquely to reading and spelling beyond intelligence and phonological awareness. | Metacognition matters: children’s metacognitive knowledge and monitoring are linked to comprehension and improve across early grades; targeted metacognitive programmes can differentially benefit students depending on their cognitive profile. | Calibration and self-evaluation: many children show overconfidence or poor monitoring; calibration (alignment of self-efficacy and actual performance) is a key target, particularly for struggling students (Dunning–Kruger–type patterns). | Motivation and self-concept: reading self-concept positively affects comprehension development, largely through increased intrinsic motivation rather than through simply reading more or choosing harder books. | Genre and task specificity: some predictors are universal (e.g., vocabulary), while strategy knowledge and interest show genre-specific effects — expository comprehension is more sensitive to interest and certain strategies than narrative comprehension. | Writing processes: developmental changes in online writing (rates, pause timing, revision span) reveal increasing fluency and more strategic, delayed revision with age; pauses and revisions relate to syntactic and discourse structure. | Assessment and instruction implications: interactive and dynamic assessment formats better capture potential and individual differences (including special populations); profile-based intervention (cluster analysis) can tailor metacognitive training to students’ needs. | Teacher effects: teachers’ metacognitive knowledge of reading strategies is related to students’ metacognitive knowledge but does not automatically translate into higher immediate reading comprehension — teacher support must translate into classroom practice. | Cognitive flexibility and learning potential: children with greater cognitive flexibility benefit more from unguided practice; dynamic testing reveals who profits from instruction and what feedback they need. | Methodological diversity strengthens inference: longitudinal, multilevel, experimental, real-time observational, and dynamic-testing approaches provide complementary insights into mechanisms and developmental trajectories.","Calibrated or not? Differential effects of the Cogni’Scol programme based on student profiles
---
Cognitive and motivational characteristics as predictors of students’ expository versus narrative text comprehension
---
Etude en temps réel de la production eEcrite chez des enfants de sept et huit ans An on-line study of written text production in 7 and 8 year-old children
---
Le Retour sur le Texte dans l’Activité Rédactionnelle Précoce Going back over one’s texte in early writing
---
La dictée et la rédaction de contes entre enfants du même age"
3,190,"the, of, learning, to, and, in, students, that, on, knowledge","Student learning, conceptual development, and instructional design (European Journal of Psychology of Education cluster)","These papers collectively examine how students develop and change domain knowledge (especially in physics and engineering) and how instructional design—task choice, representations, scaffolding, multimedia and technology—interacts with prior knowledge and context to shape that development.","The cluster centers on two tightly connected research threads: (1) cognitive and developmental analyses of how students form, apply and revise scientific concepts (motion, dynamics, energy, evolution, particulate models, hydrodynamics), and (2) design and evaluation of instructional environments (distance education, interactive learning environments, embedded support devices, audiovisual media, project-based and research-oriented learning). Empirical work ranges from longitudinal studies and interviews to design experiments and validation studies. A recurring intellectual claim is that student knowledge is highly contextual, heterogeneous and often composed of co-existing intuitive and scientific ideas; conceptual change therefore requires carefully structured tasks, representations and feedback rather than simple content delivery. Several papers emphasize modelling activities and representational shifts (from iconic to formal representations) as engines of conceptual development. Parallel streams address practical instructional responses: scaffolding tied to students' prior knowledge, multimodal materials (video/audio/print), embedded support devices, personalization via knowledge-based systems, and assessment of innovations (e.g., engineering course changes, project-based assignments). Across studies, methodological emphases include longitudinal tracking, interviews probing case-based reasoning, and iterative formative evaluation — all used to trace how instruction modifies both strategy and underlying cognitive structures. The cluster thus integrates theory about how students think with pragmatic guidance on designing learning sequences and technologies that foster deeper, transferable understanding.","Central intellectual theme: learning is processual and context-dependent — students often apply case-specific, intuitive schemas that can coexist with scientific models. | Conceptual change is supported most effectively by tasks that require modelling, representation shifts, and relational reasoning rather than rote exposure. | Longitudinal and interview evidence shows uneven development: gains often emerge late or in specific tasks, and naive reasoning can persist alongside correct responses. | Prior knowledge strongly mediates how learners use embedded support and interactive tools; personalization and scaffolding should account for this. | Distance education and multimedia can succeed when materials integrate modalities, provide formative feedback, and embed cognitive supports (advance organizers, questions with feedback). | Interactive learning environments and knowledge-based course repositories are proposed to tailor sequences to individual needs and preserve conceptual coherence. | Project-based and research-oriented learning are promoted as ways to cultivate deeper approaches, but outcomes depend on selection, socialisation, and disciplinary context. | Instructional innovations require iterative design and validation (formative evaluation, action research) to reveal effects on both strategy and conceptual understanding. | Implication for teachers/designers: attend to representational forms, sequence tasks to bridge intuitive and formal reasoning, and deploy targeted scaffolds rather than assuming generalizability across contexts. | Methodologically, the cluster balances developmental/cognitive analyses with design-based research, stressing that theory and practice must inform one another.","A psycho-logic of motion
---
A longitudinal study of pupils’ understanding of dynamics: Relationship between cognitive development and performance on dynamics items
---
The conceptualization of cases of physical motion Conceptualisations de différents cas de mouvement en physique
---
Introduction. The psychology of student learning
---
The development of research-oriented learning in five european countries"
4,100,"the, of, and, to, in, problems, mathematical, that, number, children","How task language, cognitive resources, and strategy choice shape children’s arithmetic problem solving","This cluster examines how the formulation and semantic structure of arithmetic tasks, children’s cognitive resources (working memory, executive functions, number knowledge), and instructional context drive the development, choice, and success of solution strategies from early childhood through early adolescence.","The papers form a coherent research program investigating arithmetic problem solving as the joint product of (1) task characteristics (text formulation, order of data, presence/position of questions or benchmarks, diagrammatic vs numerical representations), (2) children’s cognitive and representational resources (mental models, working memory, symbolic number processing, episodic situation models), and (3) strategy repertoires shaped by instruction and developmental stage. Empirical approaches are largely experimental and cross-sectional: controlled manipulations of problem wording and layout, choice/no-choice strategy paradigms, protocol analyses, number-line and numerosity tasks, and multivariate cognitive batteries. Key recurring findings are that small changes in text or presentation systematically shift the representation children construct (e.g., problems asking for final state are easier; question position and order of transformations influence solution procedures), that semantic comprehension is a major source of difficulty distinct from pure calculation, and that children move through overlapping waves of strategy use—counting, decomposition, retrieval, mental computation—becoming more variable and more adaptive with age and instruction. Several studies document that shortcut or adaptive strategies are underused relative to instructional goals and that adaptive use depends on both task affordances and children’s mastery of alternative strategies. Work linking cognitive precursors (WM, executive control, symbolic number skills) to mathematics shows these resources support the construction of appropriate representations and the selection of efficient strategies. Finally, didactic studies (Vygotskian scaffolding, explicit training, use of models/benchmarks) demonstrate that teaching can alter representation and strategy choice, but misinterpretations (e.g., structural substitution) and weak integration between arithmetic facts and formal rules (across arithmetic and elementary algebra) limit transfer.","Central intellectual theme: arithmetic problem solving is co-determined by linguistic/semantic task features, children’s cognitive architecture, and the sociocultural/instructional context that shapes strategy repertoires. | Task formulation matters: the position of the unknown, ordering of transformations, and explicit benchmarks or structural cues change how children represent problems and which procedures they use. | Semantics and comprehension are distinct sources of error; children may fail because they misunderstand the problem structure, not because they lack calculation skill. | Development is characterized by overlapping waves of strategies—frequency, efficiency and adaptiveness of counting, decomposition, retrieval, and mental computation change with age and instruction. | Adaptive/shortcut strategies exist but are underused; their application depends on task features, metacognitive knowledge, and mastery of competing procedures. | Cognitive precursors (working memory, executive functions, symbolic number processing) predict success and mediate the construction of appropriate mental models. | Instructional context and explicit teaching (modeling, scaffolding, forcing particular strategies) can shift strategy choice and help children solve problem types they would otherwise misrepresent. | Hidden misinterpretations (e.g., structural substitution) and weak integration between arithmetic procedures and algebraic/formal rules reveal limits in students’ conceptual understanding and transfer. | Methodologically, studies combine controlled experimental manipulations, choice/no-choice designs, protocol analysis, and multivariate cognitive assessment to link representation, process, and outcome. | Implications: assessments and curricula should attend to problem wording and representational support, teach multiple connected strategies, strengthen cognitive supports (WM, benchmarks), and explicitly bridge arithmetic and early algebraic thinking.","Impact des formulations sur la résolution de problèmes additifs chez l’enfant de 6 a 10 ans
---
Connaissances utilisées par des elèves de 8 à 12 ans dans la formulation de problèmes arithmétiques concrets
---
Sémantique et Résolution de Problèmes Arithmétiques Simples
---
L’Intégration de Nouvelles Connaissances: Entre Arithmétique et Algèbre
---
Strategic competence: Applying Siegler’s theoretical and methodological framework to the domain of simple addition"
5,54,"feedback, and, learning, the, of, to, in, peer, regulation, students","Feedback, Peer Assessment, and the Regulation of Learning: How scaffolds, roles, and social cues shape feedback quality and uptake","These papers examine how peer feedback functions as a regulatory mechanism for learning—showing that feedback is more effective when learners are engaged as active receivers, assessors are trained or scaffolded, social cues (anonymity, sender competence) and co-construction of criteria matter, and different forms of regulation (self-, co-, socially shared) determine how feedback is processed and used.","The cluster centers on the intellectual problem of how feedback—especially peer feedback and peer assessment—operates within the broader regulatory architecture of learning (self-regulation, co-regulation, and socially shared regulation). Rather than treating feedback as a simple transmission of information, these studies position it as a social-cognitive process whose effects depend on: (1) who produces it (sender competence, expertise cues), (2) how it is framed (specificity, elaboration, requests from assessees), (3) how the assessment setting is organized (anonymity, transitional anonymity, reciprocal vs. unilateral), and (4) what supports learners are given (criteria co-construction, formative assessment scripts, sense-making prompts, worked examples, scaffolds for online SRL).

Across experimental, quasi-experimental, and multimodal designs (including eyetracking, physiological markers, sequence analysis, and latent profile analysis), the corpus shows convergent findings: elaborated, specific feedback and training/scaffolding of assessors generally raises feedback quality and increases learners’ processing and revision; involving assessees (via feedback requests or co-creating criteria) shifts them from passive recipients to active regulators of learning and improves uptake; sender-related signals (perceived competence, anonymity) influence the credibility and processing depth of feedback; and practice and repeated peer-assessment cycles produce measurable improvements in feedback production and perceived skill. Several papers link these micro-processes to higher-level regulation: peer interactions can scaffold metacognitive activities (orienting, planning, monitoring, evaluating), enable socially shared regulation in group tasks, and compensate for shortcomings in online SRL when supported by group cooperation and teacher scaffolding.

Methodologically, the cluster is notable for mixing traditional classroom experiments with rich process-tracing methods (eye-tracking, heart-rate change points, sequence analysis, learning analytics) to move beyond outcome measures and probe cognitive and social mechanisms. Theoretical implications emphasize treating peer feedback as part of a regulatory system: designers should combine assessor training, recipient-oriented supports (feedback requests, sense-making), and social design choices (anonymity transitions, reciprocal structures) tailored to domain knowledge and task complexity. Practical tensions remain: teacher uptake of peer assessment depends on experience and beliefs; anonymity protects learners but can limit two-way dialogue; and domain knowledge moderates how well assessors can produce useful feedback. Future work should further connect micro-process indicators (physiology, gaze) to long-term learning gains and refine how different regulatory supports interact across contexts (primary, secondary, higher education; online vs face-to-face).","Core intellectual theme: Peer feedback is a form of regulation of learning; its efficacy depends on social, cognitive, and contextual design choices, not just the presence of feedback. | Engaging assessees (feedback requests, sense-making prompts, co-constructed criteria) moves students from passive recipients to active regulators and improves uptake and revision. | Assessor-side supports (training, worked examples, rubrics, formative assessment scripts) increase feedback quantity, specificity, and error-detection sensitivity—domain knowledge moderates these effects. | Feedback content matters: elaborated, specific feedback prompts deeper processing and better revision than concise/generic comments, but credibility signals (perceived sender competence) shape trust and attention. | Anonymity is a double-edged sword: initial anonymity can raise feedback quality and comfort, but transitional approaches to non-anonymity help restore interactive, dialogic exchanges without losing early quality gains. | Repeated practice and structured peer-assessment cycles tend to improve both feedback production and perceived peer-feedback skills over time. | Peer feedback operates within broader regulatory systems (SRL, co-regulation, SSRL); group cooperation, teacher support, and task value influence online SRL profiles and the social regulation dynamic. | Innovative methods (eyetracking, heart-rate markers, sequence analysis, learning analytics, LPA) are being used to link observable process indicators to cognitive engagement and regulatory acts—this strengthens causal inferences about mechanisms. | Implications for design: combine assessor training, recipient-oriented scaffolds, transparency about competence cues, and staged anonymity; tailor supports to domain and education level; and collect process data when possible to monitor regulatory dynamics. | Open gaps: linking short-term feedback processing to durable learning outcomes, optimizing combinations of supports across contexts, and clarifying how teacher beliefs and institutional practices shape sustained implementation.","Strategies to regulate content development and interactivity in the classroom
---
On the role of motivation in self-directed learning: The “two-shells-model of motivated self-directed learning” as a structural explanatory concept
---
Using feedback requests to actively involve assessees in peer assessment: effects on the assessor’s feedback content and assessee’s agreement with feedback
---
Effects of written peer-feedback content and sender’s competence on perceptions, performance, and mindful cognitive processing
---
Formative peer assessment in primary school: the effects of involving pupils in setting assessment criteria on their appraisal and feedback style"
6,31,"bullying, and, of, the, in, to, cyberbullying, victims, with, were",Social ecology of school bullying and adolescent adjustment: a synthesis of European Journal of Psychology of Education studies,"This cluster examines bullying and victimization in European schools as a multi-level developmental problem: its definitions and measurement, individual risk profiles (including bully, victim, and bully–victim), family and classroom contexts, coping/attachment processes, and school-level interventions that restructure social environments and reduce prevalence and broader antisocial outcomes.","These papers converge on an ecological, developmental account of bullying: bullying is not only an individual behavior but an emergent feature of peer groups, classroom norms, family dynamics, and school environments. Empirical work spans large cross-sectional and longitudinal surveys, qualitative focus groups, peer‑ and self‑report comparisons, and evaluated school interventions (notably adaptations of the Olweus program). Key theoretical lenses include attachment theory (linking parent–child relations to peer functioning and loneliness), social network and social support perspectives (how peers, teachers and families are approached for help), and developmental frameworks (age and gender differences; changes across early adolescence).

Principal empirical findings: consistent age and gender patterns (younger pupils report more victimization; boys more likely to bully), distinct psychosocial profiles for bullies, victims, and bully–victims (bully–victims show the worst adjustment: low self‑concept, more psychosomatic and behavioral problems), and important contextual predictors (classroom pro‑bully norms, lower academic achievement, fewer friendships, perceived teacher support). Parental factors—acceptance, family conflict, socioeconomic change—shape vulnerability and resilience: parental acceptance buffers effects of economic stress, while dysfunctional family environments and certain parenting styles relate to higher rates of bullying involvement. Intervention evidence shows that school programs that restructure the social environment can halve to substantially reduce bully/victim prevalence and concomitant antisocial behaviors.

Methodological notes and gaps: studies use complementary methods (quantitative multilevel modeling, longitudinal designs, qualitative student discourses), and several highlight measurement issues—students’ own definitions of bullying often differ from researcher definitions (e.g., repetition, intention, power imbalance are not always central in pupils’ views). The cluster focuses predominantly on traditional in‑person bullying; cyberbullying is underrepresented. Cross‑national comparisons (Italy, Ireland, Spain, Belgium, Scandinavia, Germany) provide convergent patterns but also show regional prevalence variation, pointing to cultural and policy moderators.","Intellectual theme: bullying is best understood ecologically — interacting individual traits (age, gender, behavior), peer group norms, classroom context, family functioning, and school policies. | Measurement insight: combine self‑reports, peer nominations, and qualitative elicitation of pupils’ own definitions; pupils may not privilege repetition, intention, or power imbalance the way researchers do. | Risk profiles: bully–victims fare worst (low self‑concept, psychosomatic and behavioral problems); bullies and victims differ in stress and social outcomes. | Contextual predictors: pro‑bully classroom norms, low academic achievement, fewer friendships, perceived low teacher support, and adverse family conditions increase risk. | Protective factors: perceived parental acceptance, high‑quality peer attachment, and social skills mediate better coping and self‑esteem — interventions should strengthen these. | Effective intervention mechanism: programs that restructure the social environment (classroom norms, adult supervision, whole‑school policies) produce large reductions in bullying and broader antisocial behavior. | Developmental nuance: prevalence and the nature of bullying change with age and differ by gender — prevention and intervention should be age‑ and gender‑sensitive. | Methodological recommendation: use multilevel and longitudinal designs to separate individual, classroom, and school effects and to track causal pathways. | Research gap: limited attention to cyberbullying across these studies — future work should integrate online forms of aggression and their interaction with traditional bullying. | Policy implication: anti‑bullying work must be multi‑systemic — family support, teacher training, classroom norm change, and student‑centred education about definitions and impacts of bullying are all necessary.","Influences of income change and parental acceptance on adolescent transgression proneness and peer relations
---
Sweet sixteen ... Adolescents’ problems and the peer group as source of support
---
Bullies and victims in schools in central and southern Italy
---
Social network, interpersonal concerns and help-seeking in primary grade school children as a function of sex, performance and economic status
---
Bully/victim problems in school: Facts and intervention"
7,38,"gender, in, stereotype, the, to, and, physics, of, stem, performance","Gender, stereotypes and STEM: psychological mechanisms shaping performance, interest and persistence","This cluster examines how gendered beliefs, identity salience, cognitive styles and situational contexts influence children’s and adults’ performance, interest and career intentions in math, physics and STEM. Across experiments, surveys and modeling studies, papers show that stereotype activation, solo group status, low academic self‑concept, and contextual framing reduce girls’ (and sometimes women’s) performance and participation, while interventions that change perceived norms, increase belonging or target motivation/self‑efficacy can alter attitudes and intentions—often contingent on prior beliefs and identification with the domain.","Collectively, these articles map the psychological terrain linking gender and STEM outcomes. The dominant intellectual theme is that gender differences in performance, subject liking, and persistence are not reducible to fixed ability gaps but arise from interacting cognitive, social and contextual processes. Key theoretical lenses used are stereotype threat and activation, social identity (including solo status and belonging), academic self‑concept and expectancy‑value models, and cognitive frameworks (systemizing/empathizing, cognitive load). Methodologically the cluster blends laboratory experiments (manipulating identity salience, numerical status, stereotype cues), large‑scale surveys and structural equation or longitudinal modeling, and even VR interventions targeting male academics' engagement with equality.

Major, recurring findings are: stereotype salience and activation impair girls’ and women’s performance especially under higher task difficulty or when domain identification is strong; being numerically distinctive (solo status) typically harms women’s performance and raises stereotype anxiety, though effects are moderated by task framing and context; cognitive style (systemizing) and motivational factors (intrinsic motivation, self‑efficacy) mediate persistence in STEM rather than innate aptitude; academic self‑concept is a robust correlate of gendered performance differences even controlling for achievement; and interventions (expert corrections of stereotypes, perspective‑taking, collective‑action framing) can shift beliefs and, in some groups, intentions—but effectiveness depends on prior stereotype endorsement, identification, and the design of the intervention. Cultural and developmental moderators appear: age, national/socialization (East vs West Germany), and educational context shape how stereotypes are perceived and acted upon. 

Across the set there is convergence that interventions need to address both individual motivations (self‑efficacy, intrinsic interest) and social context (norms, belonging cues, teacher/peer influence). Gaps highlighted implicitly by the collection include limited intersectional analysis, mixed evidence on how best to translate belief change into sustained behavior or career choice, and the need for longer‑term and diverse‑context evaluations of interventions.","Central question: How do stereotypes, identity salience and cognitive/ motivational factors produce gendered patterns in STEM performance, interest and persistence? | Mechanisms identified: stereotype activation/threat, solo (numerical) status, academic self‑concept, systemizing vs empathizing cognitive styles, math anxiety, and expectancy‑value processes. | Common methods: controlled experiments manipulating gender salience or context, surveys with structural equation modeling, longitudinal designs, and behavioral/VR interventions. | Robust patterns: activating gender identity or stereotypes tends to harm girls’ performance (especially on difficult tasks); women in solo status report greater stereotype anxiety and underperform unless context reduces leader‑stereotype salience. | Motivation and self‑beliefs matter: systemizing drives, intrinsic motivation and self‑efficacy mediate STEM achievement and persistence more than assumed innate aptitude differences. | Interventions show promise but are conditional: expert‑based stereotype disconfirmation, perspective‑taking, and collective‑action framing can shift beliefs and boost support for equality, but effects depend on prior beliefs, gender identification and intervention framing. | Developmental and cultural moderators: age differences in stereotype endorsement emerge early; socialization and regional contexts (e.g., East vs West Germany) affect math identification and subsequent performance. | Applied implication: tackle both social context (belonging, norms, teacher/peer framing) and individual factors (self‑concept, anxiety, motivation) to reduce gender gaps in STEM. | Research gaps: need for intersectional analyses, longer‑term evaluations of interventions on actual career trajectories, and more work linking immediate performance effects to sustained educational choices.","Can we encourage girls’ mobility towards science-related careers? Disconfirming stereotype belief through expert influence
---
Gender and age differences in awareness and endorsement of gender stereotypes about academic abilities
---
Systemizing and the gender gap: examining academic achievement and perseverance in STEM
---
The effects of solo status on women’s and men’s success: The moderating role of the performance context
---
Choking under pressure: When an additional positive stereotype affects performance for domain identified male mathematics students"
8,28,"authenticity, authentic, of, beliefs, the, students, to, in, and, learning","Authenticity, prior beliefs, and epistemic processing in classroom and simulation settings","This cluster examines how 'authenticity' of materials and tasks and learners’ prior beliefs jointly shape students’ evaluation, engagement, and critical processing of disciplinary information. Studies show authenticity often increases involvement and perceived relevance but does not automatically improve learning or epistemic beliefs; effects depend on task framing, guidance, learner knowledge, and source cues. Separately, a set of papers shows prior attitudes and source information (including hedging) steer credibility judgments and strategic reading of multiple, conflicting texts.","Two interlocking research strands run through this cluster. The first treats authenticity as a design feature of learning environments (authentic documents, simulations, out-of-school labs, historic sites, context-based choices, video modeling). Across quasi-experiments and mixed-method studies, authentic materials reliably increase perceived realness, involvement, and situational interest. However, increased authenticity can raise cognitive complexity; without adequate guidance or alignment with learners’ prior knowledge the cognitive benefits are mixed or absent. Several papers articulate an ""authenticity dilemma"": the more a task mirrors messy real-world practice the greater its motivational pull but also the greater the need for scaffolding to secure cognitive gains. Format manipulations (video vs role-play, serial-cue vs whole case, expert vs peer models) often affect involvement and perceived task alignment more than core learning gains or changes in epistemic beliefs, which are typically resistant to brief interventions.

The second strand focuses on epistemic processing: how students evaluate arguments, sources, and conflicting information. Experiments on hedging and source attributions show source credibility often outweighs subtle linguistic markers (e.g., ""probably"") in students’ judgments of scientificness. Prior attitudes bias perceived credibility (students rate attitude-congruent sources as more convincing), influence recall patterns (sometimes better recall for inconsistent information), and determine allocation of strategic validation during multi-text reading. Task instructions (argument vs summary) can redirect attention and increase validation of belief-inconsistent material. Interventions aimed at argument comprehension, critique generation, and media literacy show promise but produce modest gains; counterargumenting and dual-sided argument skills are low in many samples. Methodologically, the body of work uses experiments, quasi-experiments, think-alouds, path analysis, and longitudinal follow-ups to link instructional features, individual differences (prior knowledge, beliefs, critical-thinking dispositions), and outcomes (argument quality, recall, credibility ratings, epistemic beliefs). 

Taken together, the papers suggest practical design principles: treat authenticity as a lever for engagement but pair it with scaffolds and task alignment; make source information salient and teach students to deliberate beyond initial attitude agreement; use task prompts (e.g., generate arguments or critiques) to elicit deeper validation of conflicting texts. Open questions include how to scale authentic complexity without overloading novices, how lasting changes to epistemic beliefs can be achieved, and which combinations of task framing and guidance reliably translate perceived authenticity into improved disciplinary reasoning.","Two main themes: (1) authenticity as an instructional design variable (documents, simulations, labs, historic sites) and (2) epistemic evaluation of sources and arguments (hedging, prior beliefs, credibility). | Authenticity reliably increases perceived realism, involvement, and situational interest, but does not guarantee better learning or more sophisticated epistemic beliefs unless matched with guidance and learner readiness. | There is an ""authenticity dilemma"": higher authenticity ↔ higher complexity; instructional support is often required to avoid cognitive overload and to realize cognitive learning outcomes. | Source information (who says it) typically has stronger effects on students’ evaluations of scientificness than subtle linguistic hedges (how something is phrased). | Prior attitudes bias credibility judgments (people rate attitude-congruent sources as more convincing) and influence processing strategies; however, sometimes inconsistent information is better recalled. | Task framing matters: asking students to construct arguments or critiques increases validation of belief-inconsistent information compared with summary tasks and can foster more balanced processing. | Interventions (web-based argument training, media-literacy videos, refutation texts) can improve argument comprehension and resistance to misinformation, but gains are often small and retention varies. | Simulation and format choices (video vs role-play; serial-cue vs whole case; expert vs peer models) affect involvement and perceived authenticity more than uniformly improving diagnostic or strategic skills. | Methodological patterns: mixed designs (experimental/quasi-experimental), process measures (think-alouds), and structural models link individual differences (prior knowledge, critical thinking, need for cognition) with comprehension and argument quality. | Open research needs: strategies to balance authenticity and support for novices, longitudinal evidence on lasting change in epistemic beliefs, and robust designs to teach dual-sided argumentation and counterargumentation at scale.","“Probably true” says the expert: how two types of lexical hedges influence students’ evaluation of scientificness
---
Effects of text-belief consistency and reading task on the strategic validation of multiple texts
---
Writing about the past: the impact of different authentic instructional material on students’ argument writing in history
---
Effects of critical thinking on multiple-document comprehension
---
Critique generation when reading two opposing newspaper texts"
9,24,"values, and, value, the, of, in, to, wellbeing, were, are","Values in education and vocational development: formation, transmission, and consequences","This cluster brings together empirical and conceptual work showing that personal and institutional values—framed largely within Schwartz’s value theory—are shaped by developmental stage and social context (teachers, peers, schools, occupations), predict behavior and choices (classroom conduct, prosociality, academic track and vocational selection, wellbeing), and can be shifted by targeted interventions and school practices.","The articles converge on an intellectual program that treats values as relatively stable, hierarchically organized motivational goals that are nevertheless responsive to social context and developmental processes. Many studies adopt Schwartz’s basic values structure and apply it across ages (early childhood to adolescence), settings (classrooms, schools, vocational environments), and levels (individual, classroom, institution). Key empirical strands are: longitudinal mapping of value trajectories (e.g., increases in self-transcendence and decreases in self-enhancement during elementary years), socialization and social network effects (peer influence, teacher transmission, vertical vs. horizontal pathways), and the predictive role of values for concrete outcomes (classroom behavior, prosocial/antisocial actions, subjective wellbeing, academic track and vocational choices). Methodologically the cluster is diverse—multilevel growth models, social-network longitudinal analyses, COPLOT clustering of occupations, field studies linking values and behavior, pre-registered large-sample work, qualitative interviews with teachers, and intervention trials—allowing both descriptive mapping and causal inference about mechanisms. Several papers emphasize mediators and moderators (social information processing, perceived social support, intelligence) and highlight that values often predict behavior over and above cognitive ability. Practical implications span values education policy (how schools articulate and enact values through vision statements and classroom climate), the potential for brief web-based interventions to nudge adolescents toward social-focused values, and vocational guidance that aligns occupational environments with value profiles. Across studies, limitations are acknowledged (variation in measurement across ages, cultural/contextual specificity, and sometimes correlational designs), and recommended directions include experimentally testing transmission mechanisms, integrating values education across curricula, and translating occupational value profiles into career counseling practice.","Theoretical frame: Most studies rely on Schwartz’s typology to conceptualize value priorities and compare value clusters across contexts and ages. | Developmental patterns: Longitudinal evidence shows childhood increases in self-transcendence (benevolence, universalism) and declines in self-enhancement (power, achievement) during early school years. | Contextual shaping: Schools, teachers, peers, and institutional artifacts (e.g., vision statements) act as channels of value transmission—both vertically (system→classroom) and horizontally (teacher↔student; peer influence). | Behavioral prediction: Values predict classroom behavior, prosocial and antisocial actions, and vocationally relevant behaviors, often above and beyond intelligence or ability measures. | Vocational alignment: Occupations and Holland-style work environments exhibit distinctive aggregated value profiles; these mappings inform career counseling and educational track choices (e.g., openness to change linked to exact science tracks). | Intervention potential: A web-based, school-context intervention produced measurable shifts toward social-focused values in adolescents, indicating values can be influenced with targeted programs. | Mechanisms and mediators: Studies identify mediators such as social information processing, attitudes toward school, and perceived social support, and document that social network processes (selection vs. socialization) both maintain and modify values. | Methodological breadth: The cluster employs mixed methods—pre-registered large samples, multilevel growth models, social-network longitudinal analyses, qualitative teacher interviews, and occupation-level clustering—strengthening the robustness and practical relevance of findings. | Cross-group variation: Gender, institutional upbringing (home vs. orphanage), and regional/cultural differences (East vs. West) modulate value priorities and their links to behavior and educational plans. | Implications: Findings support embedding values education in curricula, training teachers in explicit transmission strategies, using peer dynamics constructively, and aligning vocational guidance with aggregated occupational value profiles.","Values and work environment: Mapping 32 occupations
---
Values, intelligence and client behavior in career counseling: A field study
---
Children’s personal values and their behavior in the classroom in the early elementary school years: mapping longitudinal trajectories
---
Values and educational decisions: How do values relate to adolescents’ academic track choices?
---
Editorial: Research on value development in the school context: new directions and approaches from an international perspective"
10,20,"quality, care, and, the, in, items, with, ofthe, were, that",Cluster summary: Measuring and understanding quality in European early childhood education and care (ECEC),"These papers collectively examine how ""quality"" in early childhood settings is defined, measured, and related to children’s developmental outcomes across several European contexts. The cluster foregrounds a persistent tension between structural indicators (ratios, group size, staff qualifications) and process indicators (adult–child interaction, classroom practices), highlights measurement challenges (scale redundancy, cross‑national adaptation, context effects), and shows that higher process quality—especially interactional quality—relates more consistently to language/literacy and socio‑emotional outcomes than to math.","Intellectual focus: The articles form a concentrated inquiry into the conceptualisation and empirical assessment of ECEC quality in Europe, and into how different quality components matter for child development. Two interlocking strands run through the cluster. First is measurement: many papers interrogate instruments (ECERS/ECERS‑R, ITERS, PROFILE, CCFS, Arnett’s interaction scale, GAP), their factor structure, redundancy, reliability, and the issues of adapting them across countries (Germany, Portugal, Spain, Greece, Norway, Italy, Switzerland, France). Empirical findings repeatedly show that global scores often mask heterogeneous subdimensions (structural vs process) and that some commonly used subscales are statistically redundant; yet specific interaction‑related subscales retain predictive power. Observational context also matters: caregiver sensitivity and interaction quality vary by setting (lab vs nursery) and by measurement approach (observer vs parent/teacher questionnaires), calling for caution about ecological validity. The second strand examines substantive links between quality and child outcomes. Across studies, process quality—particularly the nature of adult–child interaction and language/literacy environment—shows more consistent associations with early literacy, language and socio‑emotional indicators than do structural measures alone. Effects are not uniform: math outcomes are less consistently tied to observed classroom quality, parental education often remains a strong predictor, and entry age into care interacts with outcomes such as attachment and reunion behaviour. Cross‑national and policy papers show systemic influences (regulation, training, funding) shape the baseline of quality and the feasibility of improving it. Methodologically, several contributions stress selection and causality problems in daycare research and the need for careful longitudinal and multivariate designs. The cluster therefore advances two main intellectual claims: (1) measuring ""quality"" in ECEC requires nuanced, context‑sensitive instruments that separate structural inputs from interactional processes, and (2) improving interactional/process quality is the most promising route for enhancing children’s language and socio‑emotional development, but policy and measurement must cohere to validate causal inferences.","Core debate: structural indicators (ratios, group size, qualifications) versus process indicators (adult–child interactions, classroom practices); both matter but process quality often better predicts child outcomes. | Measurement issues: ECERS/ITERS and related scales are widely used but show redundancy and unstable subscale structure; targeted interaction subscales retain predictive validity even when overall scales are compressible. | Cross‑national adaptation: translating rating scales across countries requires psychometric work (item analyses, factor analyses, reliability checks) because cultural and organizational differences affect item functioning and mean levels. | Observer vs stakeholder ratings: parents and teachers tend to rate quality more positively than external observers; correlations exist but are imperfect—multiple perspectives add value. | Context effects on caregiver sensitivity: sensitivity scores differ by observational context (laboratory, structured task, nursery); ecological validity matters for interpreting caregiver measures. | Outcomes: higher global classroom quality and specific language/literacy process quality predict early literacy and behavioural adjustment more reliably than they predict early math skills; parental education consistently predicts child outcomes as well. | Policy implications: regulatory standards (ratios, training, curriculum), public provision expansion, and incentives for local innovation (as in Norway and Italy) can raise baseline quality, but leadership shortages and variable private sector quality are challenges. | Methodological cautions: longitudinal and multivariate approaches are needed to avoid spurious causal claims due to selection effects; replication across settings is essential. | Practical takeaway: interventions aiming to improve adult–child interactions and the language environment are likely to yield the clearest developmental benefits, but must be supported by improved measurement, staff training, and appropriate structural inputs. | Research gaps: need for more cross‑national longitudinal studies linking refined process measures to later academic outcomes (especially math), and for experimental or quasi‑experimental designs that address selection bias.","New educational provision for young children in Italy
---
Education under five in Spain: A study of preschool classes in Seville
---
Two measures of the quality of group care for infants and toddlers
---
Aspects of quality in Greek day care centres
---
Parents’ and teachers’ perceptions of quality in Portuguese childcare classrooms"
11,16,"fathers, the, and, paternal, to, of, father, with, mothers, rtp","Paternal Roles, Play and Positioning: How Fathers Shape Early Social and Cognitive Development","This cluster examines fathers as distinct socializing agents: through play (especially rough-and-tumble and non‑conventional games), discursive positioning, and triadic family interactions fathers tend to destabilize and challenge children in ways that can foster socio-emotional autonomy and cognitive growth. Studies stress the need for father-specific measures, attention to triadic dynamics, and professional practices that actively include fathers.","The papers collectively reconceptualize fatherhood beyond a derivative or secondary role to motherhood. Empirically and theoretically, fathers are portrayed as complementary agents whose characteristic behaviors—challenging speech, destabilizing or irregular play, authority/mediation functions in triads, and particular discursive self-positionings—have specific developmental consequences. Across observational, interview, and text-analytic studies (Lausanne Trilogue, Alceste, videotaped family interactions, questionnaires), fathers are more likely than mothers to introduce novelty and perturbation (e.g., non‑conventional uses of objects, rough‑and‑tumble play, more commissive/ challenging utterances). Those paternal behaviours are linked to processes of individuation, subjectivation, conflict‑resolution skill development, and later socio‑emotional outcomes. However, simple frequency metrics (e.g., how often fathers engage in RTP) do not fully predict child outcomes—quality, form, cultural context and family alliance matter. Several papers highlight methodological and conceptual gaps: many fatherhood constructs are borrowed from maternal research and fail to capture paternal specificity; small, culturally bounded samples limit generalizability; and triadic dynamics (mother‑father‑child) require more attention than dyadic comparisons. Finally, applied pieces argue for institutional practices (day‑care, health services) to actively include and ‘co‑construct’ fatherhood through training and environmental changes, reflecting shifting cultural models from provider/authority to collaborative parenting.","Core intellectual claim: fathers perform distinct, complementary socialization functions—often via challenge, destabilization and play—that contribute to children's individuation, autonomy, and socio‑cognitive development. | Play as mechanism: fathers more often introduce non‑conventional play and rough‑and‑tumble play (RTP); these forms are theorized to promote risk‑taking, regulatory skill development and higher‑order problem solving, though RTP frequency alone does not predict reduced peer aggression. | Speech and discourse: paternal speech tends to be more challenging/commissive while maternal speech is more supportive/expressive; these patterns map onto different scaffolding strategies and developmental niches. | Triadic and family‑alliance perspective: several studies move beyond dyads to show how fathering is negotiated within mother–father–child interactions; the quality of family alliance moderates how paternal representations translate into practice. | Measurement and theory gap: authors call for father‑specific instruments and conceptual frameworks rather than uncritical application of maternal models to fathering research. | Methodological diversity: evidence comes from short structured/play observations, semi‑directive interviews, text‑analysis (Alceste), and naturalistic family conversation coding—yielding convergent but sometimes culturally specific findings (Swiss, French, Italian, Quebec samples). | Intervention implications: day‑care and public health programs can actively shape emerging fatherhood by changing routines, training staff, and fostering inclusive triadic practices. | Limitations noted in cluster: small and convenience samples, cultural specificity, heterogeneity in measures (frequency vs quality), and a need for longitudinal links between early paternal behaviours and adult outcomes. | Theoretical tensions: the literature juxtaposes psychoanalytic/authority models of fatherhood with contemporary views of fathers as collaborative partners and playmates—research supports a pluralistic model where different paternal positions yield distinct developmental affordances. | Practical recommendation from synthesis: research and services should assess both the form (e.g., challenging vs supportive), context (dyadic vs triadic), and quality of paternal behaviours, not just presence or frequency.","Father-child play interaction and subjectivity
---
Paternal play with toddlers: Recreation and creation
---
Fathers’ influences on children’s development: The evidence from two-parent families
---
Fathers’ and mothers’ performances in father-mother-baby games
---
Prevention of fatherhood disorders — Accompanying early father-child interaction in day-care centers"
12,26,"group, the, program, in, intervention, of, and, children, training, control","Group-based school interventions for social‑emotional, behavioural and early cognitive skills","This cluster comprises experimental and quasi-experimental evaluations of group‑based programs (preschool to early adolescence) that embed social‑emotional learning, life‑skills, drama, cooperative learning, self‑regulation or targeted academic training into school contexts. Across designs (RCTs, cluster trials, single‑subject/multiple baseline, pre–post with control groups) the studies show consistent short‑term gains in emotion understanding, social skills, self‑regulation and some academic outcomes when interventions are well‑implemented, but effects vary by age, outcome, measurement method and implementation fidelity.","Intellectual theme: the papers examine how small‑group or classroom‑level interventions — delivered as stand‑alone programs or integrated into regular lessons (e.g., physical education, playgroups, theatrical workshops) — can be mobilised to promote children's social‑emotional competencies, behavioural self‑regulation, and early academic skills. Theoretical mechanisms tested include social learning (modeling, role play), drama and emotional literacy to deepen emotion understanding and empathy, cooperative learning to boost cognitive and social processes, explicit life‑skills training (goal setting, planning, positive thinking), and targeted cognitive practice for executive function or domain‑specific skills (reading, numeracy, visuospatial).

Study designs and measurement: the cluster contains a mix of methodologies: randomized and cluster‑randomized trials (e.g., PATHS, PROMEHS, START), controlled pre–post designs with wait‑list or active controls, single‑subject/multiple baseline designs for at‑risk preschoolers, and quasi‑experimental teacher‑PD evaluations. Outcomes were measured with a mix of self‑report, teacher/observer ratings, standardized direct assessments (e.g., Test of Emotion Comprehension, Peabody Picture Vocabulary Test, false‑belief tasks), and behavioral observation. Several papers stress the difference between indirect (perceived usefulness, self‑report) and direct measures, and call attention to short‑term follow‑ups and the need for longer‑term, objective assessment.

Patterns of findings: group interventions reliably reduce social anxiety, increase social activity and prosocial behaviour, improve emotion understanding and some forms of self‑regulation, and can produce small to moderate gains in targeted academic domains when content and instructional time are aligned to needs (e.g., differentiated reading instruction, targeted visuospatial or numerical training). Drama‑based and emotional literacy programs show consistent improvements in emotion comprehension and peer relations. Preventive programs in community or school contexts can reduce externalizing behaviours among at‑risk children, though individual versus group delivery produces different patterns of change. Implementation factors (fidelity, perceived usefulness, teacher experience, and dose) moderate outcomes; some programs show maintained effects at short‑term follow‑up, but many evaluations are limited to immediate post‑tests.

Gaps and cautions: heterogeneity in age ranges, dosage, outcome measures and analytic approaches makes cross‑study synthesis difficult. Several studies rely on self‑report or teacher ratings, small samples, or short evaluation windows. There is limited evidence on long‑term academic transfer for many SEL programs, and on optimum combinations of group vs individual formats for different risk profiles. Future work should prioritise standardized direct measures, longer‑term follow‑up, attention to implementation fidelity and moderators (e.g., baseline risk, teacher experience), and comparative trials that isolate active mechanisms (e.g., role play vs instruction).","Core insight: School‑embedded group programs (SEL, drama, life skills, cooperative learning, executive‑function training) produce reliable short‑term gains in socio‑emotional competencies and behaviour; some also yield domain‑specific academic benefits when instruction is targeted. | Mechanisms: effective components include modeling/role play, structured cooperative tasks, emotional literacy exercises, explicit goal‑setting and practice of self‑regulation strategies. | Designs: strongest evidence comes from randomized/cluster trials and direct assessments; single‑subject and multiple baseline designs are useful for at‑risk preschoolers but limit generalisability. | Measurement: combine direct standardized tests (emotion comprehension, executive function, language) with observational/teacher measures to avoid sole reliance on self‑report. | Implementation matters: fidelity, dose, teacher training/experience and perceived usefulness moderate outcomes — track these and report them routinely. | Format considerations: group delivery is scalable and effective for universal prevention and classroom aims, but individualised approaches may be preferable for some clinical populations. | Sustainability and transfer: some programs maintain effects at short follow‑up, but evidence for long‑term academic transfer is mixed; build in longer follow‑up and measures of school attainment. | Recommendations for researchers/practitioners: embed SEL within regular lessons where feasible, use active control groups, measure direct cognitive and socio‑emotional outcomes, report implementation metrics and test moderators/subgroups.","Social skills training with early adolescents: Effects on social skills, well-being, self-esteem and coping
---
Teaching emotion understanding
---
Effects of an indicated prevention program for preschoolers: a single-subject design approach
---
The effectiveness of teaching a life skills program in a physical education context
---
A fair play intervention program in school Olympic education"
13,12,"inclusive, education, of, teachers, the, to, and, in, disabilities, with","Cluster summary: Inclusive education — policies, cultures, and teacher factors across contexts","These papers examine inclusive education across countries and levels, connecting international policy (e.g., Salamanca) to on-the-ground realities. Core findings: inclusion is framed as a democratic right but is variably interpreted and implemented; teacher attitudes, self-efficacy and training are decisive for classroom practice; school culture, systemic resources and inter-agency collaboration shape sustainability; particular student groups (e.g., autism, chronic illness) highlight specific facilitators and barriers.","Intellectual focus: The cluster centers on how the ideal of inclusive education (rooted in international declarations like the Salamanca Statement) is translated into policy, professional practice and school culture across diverse national contexts. Authors use multiple conceptual lenses — ecosystemic approaches, cultural analyses, and psychological models such as the Theory of Planned Behaviour — to trace gaps between rhetoric and practice. Recurring analytical moves are: (1) treating inclusion as both a rights-based, systemic reform and a set of classroom practices; (2) identifying teacher cognition and agency (attitudes, self-efficacy, knowledge) as proximate determinants of enactment; (3) situating schools within broader socio-political and resource environments that enable or constrain change; and (4) attending to specific learner populations (students with disabilities, autism, pediatric cancer survivors) to surface differential needs and supports. Methodologically the cluster mixes ethnographic case studies, cross-sectional surveys of pre- and in-service teachers, policy reviews, and a mixed-method systematic review, enabling triangulation of macro (policy), meso (school culture, professional roles) and micro (teacher intentions, student experiences) levels. Major tensions highlighted: policy commitment vs limited implementation capacity; universal inclusion rhetoric vs de facto selective practices; cultural/school-level values that sustain inclusion vs structural constraints (funding, specialist support, training); and the uneven evidence base for secondary schooling and particular disabilities. Practical implications emphasized across papers include prioritizing initial and in-service teacher education focused on inclusive pedagogy and cooperative methods, strengthening school cultures of collaboration, building multi-agency supports (family, health, specialist services), and tailoring strategies for student groups with specific social or behavioral needs. The cluster thus advances a multi-level, context-sensitive understanding of inclusion that privileges teacher professional development and systemic alignment as levers for translating policy into sustained classroom practice.","Framing: Inclusive education is widely presented as a democratic/human-rights goal (Salamanca) but meanings differ by country and context. | Policy vs practice: Strong policy commitments (e.g., South Africa, Australia) often collide with limited resources, unclear implementation pathways and variable local interpretations. | Teacher factors: Attitudes and self-efficacy consistently predict teachers' intentions and reported willingness to enact inclusive practices; subjective norms are less consistently predictive. | Professional development: Recurrent recommendation to prioritize structured pre-service and in-service training on inclusive pedagogy, cooperative learning, and disability-specific strategies. | School culture matters: Ethnographic evidence shows that implicit values, beliefs and collaborative routines within schools are central to sustaining inclusion, beyond formal programs. | Multi-level analysis: Ecosystemic and cultural frameworks illuminate interactions among international policy, national systems, school leadership, teacher practice and family/community influences. | Specialized needs: Inclusion for particular groups (autism, cancer survivors, social-emotional impairments) requires tailored supports — knowledgeable teachers, safe spaces, anti-bullying measures and integrated specialist care. | Role of allied professionals: Educational psychologists and peripatetic specialists can support inclusive shifts, but professional orientations and methods affect whether they promote segregation or inclusion. | Evidence gaps: Secondary education and certain disabilities (e.g., social-emotional disorders) pose particular challenges and are less well served by research and practice; more rigorous outcome studies are needed. | Implementation levers: Recommendations across studies converge on aligning policy with resources, building collaborative school cultures, targeted teacher training, family/school/health liaison, and context-sensitive adaptations.","The implementation of inclusive education in South Africa after ten years of democracy
---
Inclusive education ten years after Salamanca: Setting the agenda
---
Sustaining cultures of inclusion: The value and limitation of cultural analyses
---
An ecosystemic approach for understanding inclusive education: An Indian case study
---
Attitudes and self-efficacy as significant predictors of intention of secondary school teachers towards the implementation of inclusive education in Ghana"
